Rank,Tref (°C),t1 (°C)
144.000000,52.110337,51.386333
1.000000,58.881658,58.324333
55.000000,64.209323,63.723500
