Rank,Tref (°C),t2 (°C)
26.000000,52.188803,51.081667
2.000000,58.948514,57.696000
231.000000,60.727323,59.611000
1.000000,64.125710,63.000000
