Rank,RHref%,RH1%
32,2.742791,6.311833
12,29.236447,31.597167
39,39.015465,39.9585
52,79.377179,72.744667
