Rank,RHref%,RH2%
79,2.631116,4.673333
27,9.471732,12.364833
12,29.236447,30.611667
39,39.015465,39.398167
30,81.155793,79.810333
